{"message": "Hello,('Elfrick the Eager', '') from the Harry Porter Movie, You're an amazing character and just so you know I am from Lagos and the current weather condition is moderate rain, at 24.14 \u00b0C. Let's share a little secret, I heard there  are 12 number of people in space!", "timestamp": "2024-07-04T05:56:21.910184"}
{"message": "Hello,Araminta Meliflua Black from the Harry Porter Movie, You're an amazing character and just so you know I am from Lagos and the current weather condition is moderate rain, at 24.14 \u00b0C. Let's share a little secret, I heard there  are 12 number of people in space!", "timestamp": "2024-07-04T05:57:31.778601"}
{"message": "Hello,Fred Weasley from the Harry Porter Movie, You're an amazing character and just so you know I am from Lagos and the current weather condition is moderate rain, at 24.14 \u00b0C. Let's share a little secret, I heard there  are 12 number of people in space!", "timestamp": "2024-07-04T06:00:16.706886"}
{"message": "Hello,Amy Benson from the Harry Porter Movie, You're an amazing character and just so you know I am from Lagos and the current weather condition is moderate rain, at 24.14 \u00b0C. Let's share a little secret, I heard there  are 12 number of people in space!", "timestamp": "2024-07-04T06:00:58.480025"}
{"message": "Hello,Sanguini from the Harry Porter Movie, You're an amazing character and just so you know I am from Lagos and the current weather condition is moderate rain, at 24.14 \u00b0C. Let's share a little secret, I heard there  are 12 number of people in space!", "timestamp": "2024-07-04T06:05:31.221634"}
{"message": "Hello,Stewart Ackerley from the Harry Porter Movie, You're an amazing character and just so you know I am from Lagos and the current weather condition is scattered clouds, at 28.14 \u00b0C. Let's share a little secret, I heard there  are 12 number of people in space!", "timestamp": "2024-07-04T20:19:15.497602"}
{"message": "Hello,Aurora Sinistra from the Harry Porter Movie, You're an amazing character and just so you know I am from Lagos and the current weather condition is scattered clouds, at 28.14 \u00b0C. Let's share a little secret, I heard there  are 12 number of people in space!", "timestamp": "2024-07-04T20:19:31.656882"}
{"message": "Hello,Angelina Johnson from the Harry Porter Movie, You're an amazing character and just so you know I am from Lagos and the current weather condition is scattered clouds, at 28.14 \u00b0C. Let's share a little secret, I heard there  are 12 number of people in space!", "timestamp": "2024-07-04T20:32:52.829921"}
